element,web_name,pos,start_price,total_points,avg_price,team,appearances,q_starts,ppg_start,ppg_sd
1,Raya,GK,5.5,162,5.873684210526315,Arsenal,37,37,4.378378378378378,2.7320256155394964
2,Arrizabalaga,GK,4.5,2,4.163157894736842,Arsenal,1,1,2.0,
3,Hein,GK,4.0,0,4.0,Arsenal,0,0,,
4,Setford,GK,4.0,0,3.93421052631579,Arsenal,0,0,,
5,Gabriel,DEF,6.0,209,6.652631578947369,Arsenal,32,30,6.9,3.9159268071071875
6,Saliba,DEF,6.0,137,6.036842105263158,Arsenal,31,28,4.785714285714286,3.0472470011002204
7,Calafiori,DEF,5.5,109,5.657894736842105,Arsenal,26,19,5.421052631578948,3.5010441216186448
8,J.Timber,DEF,5.5,149,6.152631578947369,Arsenal,30,26,5.538461538461538,4.941503975356242
9,Kiwior,DEF,5.5,0,5.405263157894737,Arsenal,0,0,,
10,Lewis-Skelly,DEF,5.5,29,5.144736842105263,Arsenal,20,5,3.2,2.588435821108957
11,White,DEF,5.5,45,5.228947368421053,Arsenal,12,7,5.714285714285714,4.347960660443228
13,Clarke,DEF,4.0,0,3.8263157894736843,Arsenal,0,0,,
14,Kacurri,DEF,4.0,0,3.910526315789474,Arsenal,0,0,,
15,Nichols,DEF,4.0,0,3.8078947368421057,Arsenal,0,0,,
16,Saka,MID,10.0,157,9.986842105263158,Arsenal,31,23,5.478260869565218,3.369240071014009
17,Ødegaard,MID,8.0,74,7.8315789473684205,Arsenal,24,11,4.181818181818182,2.442055765873573
18,Madueke,MID,7.0,72,6.839473684210526,Arsenal,26,11,5.181818181818182,4.468068527186704
19,Martinelli,MID,7.0,57,6.8315789473684205,Arsenal,30,5,4.0,2.0
20,Trossard,MID,7.0,119,6.807894736842106,Arsenal,31,20,5.0,3.641861872001304
21,Rice,MID,6.5,184,7.057894736842106,Arsenal,36,35,5.228571428571429,3.4733075801343145
22,Merino,MID,6.0,67,5.686842105263159,Arsenal,22,8,5.25,3.882193783343198
23,Fábio Vieira,MID,5.5,0,5.405263157894737,Arsenal,0,0,,
24,Nørgaard,MID,5.5,7,5.189473684210526,Arsenal,7,0,,
25,Nwaneri,MID,5.5,8,5.113157894736842,Arsenal,6,1,3.0,
26,Zubimendi,MID,5.5,133,5.268421052631579,Arsenal,38,32,4.0,3.0900464554394955
28,Kabia,MID,4.5,0,4.5,Arsenal,0,0,,
29,Sambi,MID,4.5,0,4.5,Arsenal,0,0,,
30,Havertz,FWD,7.5,36,7.315789473684211,Arsenal,12,5,4.6,2.6076809620810595
31,G.Jesus,FWD,6.5,24,6.413157894736843,Arsenal,14,1,5.0,
266,Eze,MID,7.5,113,7.428947368421052,Arsenal,33,18,5.055555555555555,4.976086605807492
662,Mosquera,DEF,5.5,40,5.355263157894737,Arsenal,20,8,3.625,2.445841952609133
666,Gyökeres,FWD,9.0,128,8.863157894736842,Arsenal,36,22,4.181818181818182,4.21602796182518
700,Dowman,MID,4.5,16,4.294594594594594,Arsenal,6,1,3.0,
711,Harriman-Annous,MID,4.5,0,4.455555555555556,Arsenal,0,0,,
725,Hincapie,DEF,5.5,87,5.277142857142858,Arsenal,25,18,4.333333333333333,3.3781303565555834
759,Salmon,DEF,4.0,0,4.0,Arsenal,0,0,,
32,Martinez,GK,5.0,120,5.036842105263158,Aston Villa,32,31,3.838709677419355,3.0561061739142117
33,M.Bizot,GK,4.5,16,4.278947368421052,Aston Villa,7,6,2.3333333333333335,2.503331114069145
34,Gauci,GK,4.0,0,4.0,Aston Villa,0,0,,
35,Marschall,GK,4.0,0,4.0,Aston Villa,0,0,,
36,Cash,DEF,4.5,117,4.707894736842105,Aston Villa,35,33,3.5454545454545454,3.4195294732143804
37,Digne,DEF,4.5,97,4.5,Aston Villa,31,19,4.2631578947368425,2.663375161606413
38,Konsa,DEF,4.5,100,4.423684210526316,Aston Villa,34,34,2.9411764705882355,2.423885891786015
39,Maatsen,DEF,4.5,54,4.25,Aston Villa,30,17,2.4705882352941178,2.0651164331225838
40,Mings,DEF,4.5,50,4.3578947368421055,Aston Villa,17,14,3.357142857142857,3.4996075133152784
41,Pau,DEF,4.5,64,4.328947368421053,Aston Villa,21,18,3.388888888888889,2.404380533866049
42,A.García,DEF,4.0,5,3.9078947368421053,Aston Villa,6,0,,
43,Alex Moreno,DEF,4.0,0,4.0,Aston Villa,0,0,,
44,Bogarde,DEF,4.0,40,4.0,Aston Villa,28,10,2.6,3.0258148581093915
45,Sousa,DEF,4.0,0,3.8842105263157896,Aston Villa,0,0,,
46,Yasin,DEF,4.0,0,4.0,Aston Villa,0,0,,
47,Rogers,MID,7.0,169,7.255263157894737,Aston Villa,37,37,4.5675675675675675,4.1334713722953955
48,Tielemans,MID,6.0,68,5.907894736842105,Aston Villa,25,20,3.0,1.6858544608470492
49,Bailey,MID,5.5,21,5.5,Aston Villa,13,3,4.0,1.7320508075688772
50,Buendía,MID,5.5,102,5.310526315789474,Aston Villa,36,15,3.3333333333333335,3.3309515300043158
51,Iling Jr,MID,5.5,0,5.5,Aston Villa,0,0,,
53,Malen,MID,5.5,55,5.13421052631579,Aston Villa,21,4,5.5,6.3508529610858835
54,McGinn,MID,5.5,103,5.389473684210526,Aston Villa,30,25,3.92,3.2777024473452947
55,Barkley,MID,5.0,56,4.818421052631579,Aston Villa,21,7,4.857142857142857,4.140393356054125
56,Barrenechea,MID,5.0,0,5.0,Aston Villa,0,0,,
57,Dobbin,MID,5.0,0,5.0,Aston Villa,0,0,,
58,Kamara,MID,5.0,61,4.905263157894737,Aston Villa,18,16,3.6875,3.0048571790796754
59,Onana,MID,5.0,76,4.828947368421053,Aston Villa,25,20,3.55,2.5848750351551657
60,Broggio,MID,4.5,0,4.4526315789473685,Aston Villa,0,0,,
61,Dendoncker,MID,4.5,0,4.5,Aston Villa,0,0,,
62,Jimoh-Aloba,MID,4.5,1,4.5,Aston Villa,1,0,,
63,Young,MID,4.5,0,4.352631578947369,Aston Villa,0,0,,
64,Watkins,FWD,9.0,167,8.652631578947368,Aston Villa,37,32,4.75,4.355197117867786
65,Redmond,FWD,4.5,0,4.5,Aston Villa,0,0,,
389,Elliott,MID,5.5,5,5.223684210526316,Aston Villa,5,0,,
456,Sancho,MID,6.0,37,5.828947368421053,Aston Villa,23,6,3.3333333333333335,1.7511900715418263
688,Wright,GK,4.0,0,3.93421052631579,Aston Villa,0,0,,
699,Douglas Luiz,MID,5.0,35,4.9324324324324325,Nott'm Forest,21,8,3.125,1.8850918886280925
701,Rowe,DEF,4.0,0,4.0,Aston Villa,0,0,,
702,Burrowes,MID,4.5,1,4.41081081081081,Aston Villa,1,0,,
703,Proctor,GK,4.0,0,3.937837837837838,Aston Villa,0,0,,
710,Patterson,DEF,4.0,0,3.9166666666666665,Aston Villa,0,0,,
719,Lindelöf,DEF,4.5,29,4.5,Aston Villa,17,10,2.2,1.6865480854231356
754,George Hemmings,MID,4.5,2,4.5,Aston Villa,2,0,,
757,Hollingshead,GK,4.0,0,4.0,Aston Villa,0,0,,
768,Leon Routh,DEF,4.0,0,4.0,Aston Villa,0,0,,
781,Carroll,DEF,4.0,0,4.0,Aston Villa,0,0,,
792,Alysson,MID,5.0,3,5.0,Aston Villa,3,0,,
808,Abraham,FWD,6.0,23,5.9,Aston Villa,12,1,2.0,
183,Weiss,GK,4.5,7,4.323684210526316,Burnley,3,3,2.3333333333333335,0.5773502691896257
184,Green,GK,4.0,0,4.0,Burnley,0,0,,
185,Hladký,GK,4.0,0,3.931578947368421,Burnley,0,0,,
186,Roberts,DEF,4.5,0,4.38421052631579,Burnley,0,0,,
187,Walker,DEF,4.5,70,4.418421052631579,Burnley,36,34,2.0,2.7743413086658424
188,Delcroix,DEF,4.0,0,3.844736842105263,Burnley,0,0,,
189,Dodgson,DEF,4.0,0,4.0,Burnley,0,0,,
190,Ekdal,DEF,4.0,52,3.9157894736842103,Burnley,19,17,2.9411764705882355,2.6802655706873084
191,Estève,DEF,4.0,85,3.9263157894736844,Burnley,34,33,2.5757575757575757,1.8713348015237519
192,Hartman,DEF,4.0,63,4.0,Burnley,21,21,3.0,1.9748417658131499
193,Humphreys,DEF,4.0,47,3.93421052631579,Burnley,20,18,2.5555555555555554,2.254987210664716
194,Jordan,DEF,4.0,0,3.944736842105263,Burnley,0,0,,
195,Lucas Pires,DEF,4.0,25,3.8421052631578947,Burnley,20,14,1.6428571428571428,1.549547966698321
196,Sambo,DEF,4.0,0,4.0,Burnley,0,0,,
197,Sonne,DEF,4.0,13,3.8578947368421055,Burnley,7,1,1.0,
198,Tuanzebe,DEF,4.0,34,3.9078947368421053,Burnley,14,13,2.769230769230769,2.385855756810896
199,Worrall,DEF,4.0,20,3.860526315789474,Burnley,11,4,2.75,0.9574271077563381
200,Anthony,MID,5.5,127,5.260526315789474,Burnley,37,30,3.7333333333333334,3.0392073981871324
201,Benson,MID,5.5,0,5.407894736842105,Burnley,0,0,,
202,Bruun Larsen,MID,5.5,41,5.302631578947368,Burnley,28,7,2.857142857142857,1.0690449676496976
203,Boateng,MID,5.0,0,4.760526315789474,Burnley,0,0,,
204,Churlinov,MID,5.0,0,4.907894736842105,Burnley,0,0,,
205,Cullen,MID,5.0,70,4.960526315789474,Burnley,18,17,4.0588235294117645,3.3066332620071073
206,Edwards,MID,5.0,51,4.736842105263158,Burnley,23,11,3.272727272727273,2.2401298663653
207,Hannibal,MID,5.0,59,4.789473684210526,Burnley,27,12,3.5833333333333335,3.287948609787881
208,Koleosho,MID,5.0,0,5.0,Burnley,0,0,,
209,Laurent,MID,5.0,56,4.844736842105263,Burnley,33,16,2.6875,2.3865945054267876
210,Tchaouna,MID,5.0,59,4.889473684210526,Burnley,29,12,2.9166666666666665,1.378954368902449
211,A.Ramsey,MID,4.5,0,4.407894736842105,Burnley,0,0,,
212,Adewumi,MID,4.5,0,4.5,Burnley,0,0,,
213,Banel,MID,4.5,1,4.5,Burnley,1,0,,
214,Trésor,MID,4.5,6,4.386842105263158,Burnley,6,0,,
215,Flemming,FWD,5.5,99,5.323684210526316,Burnley,29,20,4.3,3.373269536876805
216,Amdouni,FWD,5.0,4,4.828947368421053,Burnley,4,0,,
217,Foster,FWD,5.0,58,4.944736842105263,Burnley,26,14,2.7142857142857144,1.6374732612530445
218,Barnes,FWD,4.5,5,4.281578947368422,Burnley,7,0,,
219,Obafemi,FWD,4.5,0,4.407894736842105,Burnley,0,0,,
470,Dúbravka,GK,4.0,96,4.0,Burnley,35,35,2.742857142857143,2.3432362882391966
614,Ward-Prowse,MID,6.0,40,5.66578947368421,West Ham,18,12,2.5833333333333335,1.164500152881315
676,Ugochukwu,MID,5.0,97,5.0,Burnley,35,26,3.1538461538461537,2.411510857405501
680,Broja,FWD,5.5,43,5.244736842105263,Burnley,24,8,2.625,1.7677669529663689
722,Florentino,MID,5.0,84,5.0,Burnley,31,23,3.347826086956522,1.6681153124565982
776,Pimlott,MID,4.5,0,4.5,Burnley,0,0,,
784,Brierley,MID,4.5,0,4.5,Burnley,0,0,,
820,McMahon-Brown,MID,4.5,0,4.5,Burnley,0,0,,
66,Neto,GK,4.5,0,4.5,Bournemouth,0,0,,
67,Petrović,GK,4.5,124,4.518421052631579,Bournemouth,38,38,3.263157894736842,2.564668573776028
68,Dennis,GK,4.0,0,4.0,Bournemouth,0,0,,
69,McKenna,GK,4.0,0,3.944736842105263,Bournemouth,0,0,,
70,Paulsen,GK,4.0,0,4.0,Bournemouth,0,0,,
71,Zabarnyi,DEF,5.0,0,5.0,Bournemouth,0,0,,
72,Senesi,DEF,4.5,175,4.91578947368421,Bournemouth,37,37,4.72972972972973,3.540626503323393
73,Smith,DEF,4.5,58,4.413157894736842,Bournemouth,22,11,4.545454545454546,3.3574882386580702
74,Truffert,DEF,4.5,165,4.5473684210526315,Bournemouth,38,38,4.342105263157895,3.104280530210152
75,Akinmboni,DEF,4.0,0,3.860526315789474,Bournemouth,0,0,,
76,Bevan,DEF,4.0,0,3.8657894736842104,Bournemouth,0,0,,
77,Hill,DEF,4.0,110,4.023684210526316,Bournemouth,29,23,4.521739130434782,2.8741728488762455
78,J.Araujo,DEF,4.0,0,3.855263157894737,Bournemouth,0,0,,
79,Mepham,DEF,4.0,0,4.0,Bournemouth,0,0,,
80,Soler,DEF,4.0,3,3.9815789473684213,Bournemouth,3,0,,
81,Kluivert,MID,7.0,41,6.976315789473683,Bournemouth,20,9,3.0,2.29128784747792
84,Tavernier,MID,5.5,137,5.457894736842105,Bournemouth,34,31,4.32258064516129,3.208188448062172
85,Adams,MID,5.0,77,4.957894736842105,Bournemouth,25,20,3.45,2.187885304412267
86,Brooks,MID,5.0,59,5.0,Bournemouth,31,12,3.0833333333333335,2.391588796113782
87,Christie,MID,5.0,47,4.939473684210526,Bournemouth,26,7,3.5714285714285716,2.6367367999823097
88,Cook,MID,5.0,40,4.907894736842105,Bournemouth,18,8,3.75,0.4629100498862757
89,Philip,MID,5.0,0,4.905263157894737,Bournemouth,0,0,,
90,Scott,MID,5.0,136,5.007894736842106,Bournemouth,37,33,4.03030303030303,2.6632316891894754
91,Sinisterra,MID,5.0,0,5.0,Bournemouth,0,0,,
92,Faivre,MID,4.5,0,4.5,Bournemouth,0,0,,
93,H.Traorè,MID,4.5,4,4.5,Bournemouth,1,0,,
94,Sadi,MID,4.5,0,4.5,Bournemouth,0,0,,
95,Silcott-Duberry,MID,4.5,0,4.407894736842105,Bournemouth,0,0,,
96,Winterburn,MID,4.5,1,4.5,Bournemouth,1,0,,
97,Evanilson,FWD,7.0,115,6.93157894736842,Bournemouth,36,30,3.466666666666667,2.1129050655654065
98,Enes Ünal,FWD,5.5,27,5.41578947368421,Bournemouth,23,0,,
99,Adu-Adjei,FWD,4.5,0,4.407894736842105,Bournemouth,0,0,,
100,Kroupi.Jr,FWD,4.5,113,4.580851063829788,Bournemouth,39,22,4.590909090909091,3.3758115907295383
391,Gannon-Doak,MID,5.0,11,4.8589743589743595,Bournemouth,8,0,,
685,Diakité,DEF,4.5,46,4.326315789473684,Bournemouth,18,13,3.3076923076923075,2.8689317229186946
687,Rees-Dottin,MID,4.5,0,4.376315789473685,Bournemouth,0,0,,
697,Adli,MID,5.5,67,5.424324324324324,Bournemouth,31,8,5.625,3.2486260832190936
713,A.Jimenez,DEF,4.5,74,4.5,Bournemouth,31,25,2.88,2.4378952670968728
721,Milosavljević,DEF,4.5,19,4.4399999999999995,Bournemouth,7,4,4.0,1.632993161855452
756,DaCosta,MID,4.5,0,4.5,Bournemouth,0,0,,
782,Forster,GK,4.0,0,4.0,Bournemouth,0,0,,
799,Stevens,MID,4.5,0,4.5,Bournemouth,0,0,,
801,Tóth.A,MID,5.0,8,4.94375,Bournemouth,9,0,,
806,Mandas,GK,4.0,0,4.0,Bournemouth,0,0,,
807,Rayan,MID,5.5,67,5.5,Bournemouth,15,13,4.384615384615385,2.7245324228345904
27,Nelson,MID,5.0,13,4.828947368421053,Brentford,10,0,,
83,O.Dango,MID,6.0,136,5.913157894736842,Brentford,32,24,5.083333333333333,4.302847052083444
101,Kelleher,GK,4.5,143,4.597368421052631,Brentford,37,37,3.864864864864865,3.3430039897786052
102,Balcombe,GK,4.0,0,3.944736842105263,Brentford,0,0,,
103,Cox,GK,4.0,0,3.939473684210526,Brentford,0,0,,
104,Eyestone,GK,4.0,0,3.9289473684210527,Brentford,0,0,,
105,Valdimarsson,GK,4.0,1,3.9026315789473687,Brentford,1,1,1.0,
106,Collins,DEF,5.0,129,4.936842105263159,Brentford,35,32,3.9375,3.3690957913975828
107,Lewis-Potter,DEF,5.0,115,4.873684210526315,Brentford,36,21,4.809523809523809,4.718252299517775
108,Ajer,DEF,4.5,76,4.410526315789474,Brentford,27,19,3.5789473684210527,2.3408400551389
109,Henry,DEF,4.5,52,4.339473684210526,Brentford,25,13,3.0,2.0816659994661326
110,Kayode,DEF,4.5,113,4.518421052631579,Brentford,37,37,3.054054054054054,2.8180563233266716
111,Pinnock,DEF,4.5,14,4.26578947368421,Brentford,4,4,3.5,4.795831523312719
112,Roerslev,DEF,4.5,0,4.5,Brentford,0,0,,
113,Van den Berg,DEF,4.5,113,4.502631578947368,Brentford,32,30,3.6,2.328237456784083
114,Arthur,DEF,4.0,0,3.878947368421053,Brentford,0,0,,
115,Fredrick,DEF,4.0,0,4.0,Brentford,0,0,,
116,Hickey,DEF,4.0,37,4.0,Brentford,21,7,3.4285714285714284,2.5071326821120348
117,Ji-soo,DEF,4.0,0,3.910526315789474,Brentford,0,0,,
118,Meghoma,DEF,4.0,0,4.0,Brentford,0,0,,
120,Schade,MID,7.0,125,6.978947368421052,Brentford,35,30,4.1,3.7356622456792192
121,Damsgaard,MID,6.0,113,5.736842105263158,Brentford,33,22,4.363636363636363,3.848876824978011
122,Milambo,MID,5.5,1,5.247368421052632,Brentford,1,0,,
123,Carvalho,MID,5.0,13,4.757894736842106,Brentford,6,1,2.0,
124,Henderson,MID,5.0,76,5.0,Brentford,32,19,3.4210526315789473,2.3169853371636986
125,Janelt,MID,5.0,74,4.905263157894737,Brentford,25,15,4.333333333333333,3.2440421581430665
126,Jensen,MID,5.0,98,4.907894736842105,Brentford,36,26,3.0,2.0
127,Nunes,MID,5.0,0,4.907894736842105,Brentford,0,0,,
128,Onyeka,MID,5.0,12,4.852631578947369,Brentford,6,0,,
129,Yarmoliuk,MID,5.0,104,5.0,Brentford,37,29,3.3448275862068964,1.9137820085774346
130,Donovan,MID,4.5,4,4.436842105263159,Brentford,4,0,,
131,Konak,MID,4.5,0,4.342105263157895,Brentford,0,0,,
132,Maghoma,MID,4.5,0,4.5,Brentford,0,0,,
133,Peart-Harris,MID,4.5,1,4.418421052631579,Brentford,1,0,,
134,Trevitt,MID,4.5,0,4.5,Brentford,0,0,,
136,Thiago,FWD,6.0,181,6.789473684210526,Brentford,38,37,4.864864864864865,4.276305272871288
137,Morgan,FWD,4.5,0,4.407894736842105,Brentford,0,0,,
748,Dasilva,MID,5.0,2,4.914285714285715,Brentford,2,0,,
797,Furo,FWD,4.5,1,4.5,Brentford,1,0,,
810,Bentt,MID,4.5,0,4.5,Brentford,0,0,,
819,Shield,DEF,4.0,0,4.0,Brentford,0,0,,
823,Stephenson,DEF,4.0,0,4.0,Brentford,0,0,,
824,McManus,DEF,4.0,0,4.0,Brentford,0,0,,
826,Owen,MID,4.5,0,4.5,Brentford,0,0,,
138,Steele,GK,4.5,0,4.271052631578947,Brighton,0,0,,
139,Verbruggen,GK,4.5,130,4.473684210526316,Brighton,38,38,3.4210526315789473,2.6368652452257346
140,McGill,GK,4.0,0,3.939473684210526,Brighton,0,0,,
141,Rushworth,GK,4.0,0,4.0,Brighton,0,0,,
142,Scherpen,GK,4.0,0,4.0,Brighton,0,0,,
143,Boscagli,DEF,4.5,39,4.252631578947368,Brighton,12,8,4.5,3.4226138716316967
144,Coppola,DEF,4.5,10,4.263157894736842,Brighton,5,2,3.5,4.949747468305833
145,De Cuyper,DEF,4.5,84,4.339473684210526,Brighton,30,12,4.916666666666667,5.333570070503405
146,Dunk,DEF,4.5,100,4.5,Brighton,33,31,3.161290322580645,3.1947537640486825
147,Estupiñan,DEF,4.5,0,4.5,Brighton,0,0,,
148,F.Kadıoğlu,DEF,4.5,118,4.407894736842105,Brighton,37,35,3.3714285714285714,3.2366078310633863
149,Igor,DEF,4.5,6,4.5,West Ham,4,1,3.0,
150,Lamptey,DEF,4.5,0,4.405263157894737,Brighton,0,0,,
151,Van Hecke,DEF,4.5,148,4.489473684210526,Brighton,36,36,4.111111111111111,2.9352807388515694
152,Veltman,DEF,4.5,46,4.331578947368421,Brighton,24,9,3.6666666666666665,3.082207001484488
153,Webster,DEF,4.5,0,4.405263157894737,Brighton,0,0,,
154,Cashin,DEF,4.0,0,4.0,Brighton,0,0,,
155,Slater,DEF,4.0,0,4.0,Brighton,0,0,,
156,Tasker,DEF,4.0,0,3.8657894736842104,Brighton,0,0,,
157,Mitoma,MID,6.5,62,6.176315789473684,Brighton,25,17,2.9411764705882355,1.951620744256364
158,Georginio,MID,6.0,87,5.673684210526316,Brighton,32,18,3.611111111111111,2.4528228369128184
159,March,MID,6.0,4,5.810526315789474,Brighton,4,0,,
160,Minteh,MID,6.0,117,5.826315789473684,Brighton,34,25,4.2,2.9011491975882016
161,Enciso,MID,5.5,0,5.405263157894737,Brighton,0,0,,
162,Gruda,MID,5.5,35,5.405263157894737,Brighton,18,7,2.142857142857143,0.37796447300922725
163,Hinshelwood,MID,5.5,91,5.152631578947369,Brighton,27,20,3.9,2.425739171122029
164,O'Riley,MID,5.5,16,5.5,Brighton,6,2,6.0,5.656854249492381
165,Sima,MID,5.5,0,5.405263157894737,Brighton,0,0,,
166,Ayari,MID,5.0,98,4.85,Brighton,29,20,4.5,3.03488489333442
167,Baleba,MID,5.0,56,4.639473684210526,Brighton,31,15,2.933333333333333,0.9611501047232549
169,Gomez,MID,5.0,97,4.913157894736842,Brighton,32,23,3.9565217391304346,3.7353137980577316
170,Milner,MID,5.0,35,4.928947368421053,Brighton,20,7,2.0,0.816496580927726
171,Sarmiento,MID,5.0,0,4.905263157894737,Brighton,0,0,,
172,Watson,MID,5.0,5,4.839473684210526,Brighton,6,0,,
173,Wieffer,MID,5.0,94,4.907894736842105,Brighton,26,20,4.3,4.040583595159699
174,Yalcouye,MID,5.0,0,5.0,Brighton,0,0,,
175,Knight,MID,4.5,1,4.439473684210526,Brighton,1,0,,
176,Mazilu,MID,4.5,0,4.5,Brighton,0,0,,
177,Moran,MID,4.5,0,4.5,Brighton,0,0,,
178,Welbeck,FWD,6.5,126,6.326315789473684,Brighton,37,25,3.96,3.5763109484495335
179,Ferguson,FWD,5.5,0,5.5,Brighton,0,0,,
180,Tzimas,FWD,5.5,16,5.268421052631579,Brighton,9,0,,
181,Kostoulas,FWD,5.0,35,4.823684210526316,Brighton,21,2,3.5,2.1213203435596424
744,Oriola,MID,4.5,1,4.5,Brighton,1,0,,
761,Simmonds,DEF,4.0,0,4.0,Brighton,0,0,,
783,Groß,MID,5.5,78,5.51578947368421,Brighton,19,18,4.277777777777778,3.0641293851417064
795,Howell,MID,4.5,4,4.5,Brighton,3,1,2.0,
220,Sánchez,GK,5.0,113,4.873684210526315,Chelsea,35,34,3.411764705882353,2.559801685723277
221,Jörgensen,GK,4.5,9,4.336842105263158,Chelsea,5,4,2.0,0.816496580927726
222,Penders,GK,4.0,0,4.0,Chelsea,0,0,,
223,Slonina,GK,4.0,0,3.9184210526315786,Chelsea,0,0,,
224,Cucurella,DEF,6.0,104,6.086842105263158,Chelsea,34,29,3.3448275862068964,2.676296242263678
225,James,DEF,5.5,115,5.581578947368421,Chelsea,29,19,5.526315789473684,3.702377930355204
226,Chalobah,DEF,5.0,136,5.368421052631579,Chelsea,34,30,4.533333333333333,3.3808113016658092
227,Colwill,DEF,5.0,8,4.76578947368421,Chelsea,3,2,3.5,0.7071067811865476
228,Gusto,DEF,5.0,96,4.918421052631579,Chelsea,34,23,3.8260869565217392,4.57912431002264
229,B.Badiashile,DEF,4.5,7,4.405263157894737,Chelsea,8,3,2.3333333333333335,1.5275252316519465
230,Fofana,DEF,4.5,65,4.407894736842105,Chelsea,25,18,3.1666666666666665,2.955553098431334
231,M.Sarr,DEF,4.5,3,4.5,Chelsea,3,1,1.0,
232,Tosin,DEF,4.5,34,4.163157894736842,Chelsea,16,7,3.4285714285714284,3.9940431835899015
233,Acheampong,DEF,4.0,39,3.8289473684210527,Chelsea,17,7,4.428571428571429,5.094347941825426
234,Anselmino,DEF,4.0,0,4.0,Chelsea,0,0,,
235,Palmer,MID,10.5,114,10.413157894736843,Chelsea,26,21,4.666666666666667,4.76794854558366
236,Neto,MID,7.0,125,7.071052631578948,Chelsea,34,30,3.8666666666666667,2.885556580905874
237,Enzo,MID,6.5,157,6.6078947368421055,Chelsea,36,35,4.457142857142857,3.7364882627696185
238,Estêvão,MID,6.5,58,6.447368421052632,Chelsea,22,7,4.714285714285714,3.9036002917941324
239,Gittens,MID,6.5,25,6.094736842105263,Chelsea,16,2,5.5,0.7071067811865476
240,Nkunku,MID,6.0,0,5.905263157894737,Chelsea,0,0,,
241,Caicedo,MID,5.5,110,5.721052631578948,Chelsea,33,31,3.5806451612903225,2.8139437751832337
244,Lavia,MID,5.0,13,4.905263157894737,Chelsea,12,1,2.0,
245,Mudryk,MID,5.0,0,4.928947368421053,Chelsea,0,0,,
246,Andrey Santos,MID,4.5,47,4.492105263157894,Chelsea,27,11,3.090909090909091,2.4679767200905864
247,D.Essugo,MID,4.5,1,4.328947368421053,Chelsea,3,0,,
248,Paez,MID,4.5,0,4.5,Chelsea,0,0,,
249,João Pedro,FWD,7.5,177,7.494736842105263,Chelsea,35,30,5.433333333333334,4.561331727295964
250,Delap,FWD,6.5,45,6.226315789473684,Chelsea,28,10,2.7,1.8287822299126937
251,N.Jackson,FWD,6.5,0,6.5,Chelsea,0,0,,
252,Marc Guiu,FWD,4.5,13,4.207894736842105,Chelsea,10,1,2.0,
453,Garnacho,MID,6.5,56,6.405263157894737,Chelsea,24,10,3.5,2.953340857778225
672,Hato,DEF,5.0,19,4.681578947368421,Chelsea,22,10,1.3,0.8232726023485646
743,Emenalo,MID,4.5,0,4.5,Chelsea,0,0,,
789,Merrick,GK,4.0,0,4.0,Chelsea,0,0,,
803,Sharman-Lowe,GK,4.0,0,4.0,Chelsea,0,0,,
829,Derry,MID,4.5,1,4.5,Chelsea,1,0,,
833,Eboué,MID,4.5,0,4.5,Chelsea,0,0,,
834,Kavuma-McQueen,MID,4.5,0,4.5,Chelsea,0,0,,
840,Mheuka,FWD,4.5,1,4.5,Chelsea,1,0,,
253,Henderson,GK,5.0,131,5.042105263157895,Crystal Palace,37,37,3.5405405405405403,3.254011153728362
254,Benitez,GK,4.0,7,3.9789473684210526,Crystal Palace,1,1,7.0,
255,Matthews,GK,4.0,0,3.9289473684210527,Crystal Palace,0,0,,
256,Muñoz,DEF,5.5,136,5.786842105263158,Crystal Palace,29,26,5.153846153846154,3.8020237526065794
257,Lacroix,DEF,5.0,154,5.1,Crystal Palace,35,34,4.4411764705882355,3.3592132599003293
258,Mitchell,DEF,5.0,135,5.0,Crystal Palace,38,35,3.8,3.056333828394443
259,Sosa,DEF,5.0,6,4.836842105263158,Crystal Palace,7,0,,
261,Richards,DEF,4.5,128,4.468421052631578,Crystal Palace,33,31,4.096774193548387,2.797079890524848
262,Chadi Riad,DEF,4.0,20,4.0,Crystal Palace,9,6,2.3333333333333335,1.505545305418162
263,Clyne,DEF,4.0,17,3.8473684210526313,Crystal Palace,10,6,2.1666666666666665,2.401388487243717
264,Holding,DEF,4.0,0,4.0,Crystal Palace,0,0,,
265,Kporha,DEF,4.0,0,4.0,Crystal Palace,0,0,,
267,Sarr,MID,6.5,117,6.4263157894736835,Crystal Palace,28,22,5.045454545454546,3.497989527704555
268,Doucouré,MID,5.0,0,4.907894736842105,Crystal Palace,0,0,,
269,Esse,MID,5.0,4,4.742105263157894,Crystal Palace,4,0,,
270,Hughes,MID,5.0,45,4.76578947368421,Crystal Palace,31,13,2.230769230769231,1.0127393670836666
271,Kamada,MID,5.0,67,5.0,Crystal Palace,28,20,3.0,1.3764944032233706
272,Lerma,MID,5.0,69,4.913157894736842,Crystal Palace,31,16,3.5625,2.756053942384534
273,Wharton,MID,5.0,112,5.0,Crystal Palace,34,28,3.7857142857142856,2.753545093513193
274,Agbinone,MID,4.5,0,4.360526315789474,Crystal Palace,0,0,,
275,Ahamada,MID,4.5,0,4.352631578947369,Crystal Palace,0,0,,
276,Devenny,MID,4.5,36,4.344736842105263,Crystal Palace,21,7,2.4285714285714284,0.7867957924694432
277,Ebiowei,MID,4.5,0,4.5,Crystal Palace,0,0,,
278,J.Rak-Sakyi,MID,4.5,0,4.407894736842105,Crystal Palace,0,0,,
279,M.França,MID,4.5,0,4.5,Crystal Palace,0,0,,
280,Ozoh,MID,4.5,0,4.5,Crystal Palace,0,0,,
281,Rodney,MID,4.5,1,4.436842105263159,Crystal Palace,1,0,,
282,Umeh,MID,4.5,0,4.5,Crystal Palace,0,0,,
283,Mateta,FWD,7.5,114,7.644736842105263,Crystal Palace,32,23,3.6956521739130435,3.685780817839573
284,Nketiah,FWD,5.5,23,5.405263157894737,Crystal Palace,12,2,5.5,4.949747468305833
285,Édouard,FWD,5.0,1,5.0,Crystal Palace,1,0,,
286,Marsh,FWD,4.5,0,4.455263157894737,Crystal Palace,0,0,,
580,Johnson,MID,7.0,65,6.634210526315789,Crystal Palace,34,16,2.75,2.2949219304078006
654,Strand Larsen,FWD,6.5,75,6.178947368421053,Wolves,36,23,2.608695652173913,2.553769592276246
677,Guessand,MID,6.5,44,6.247368421052632,Aston Villa,21,7,3.142857142857143,2.193062655175134
690,Cardines,MID,4.5,2,4.413157894736842,Crystal Palace,1,1,2.0,
712,Yeremy,MID,6.0,77,5.830555555555556,Crystal Palace,34,19,3.1052631578947367,2.1575381248622048
723,Canvot,DEF,4.5,72,4.5,Crystal Palace,20,14,4.642857142857143,3.934211735280903
732,Uche,FWD,5.5,17,5.5,Crystal Palace,14,0,,
762,Drakes-Thomas,MID,4.5,2,4.5,Crystal Palace,2,0,,
773,Benamar,DEF,4.0,0,4.0,Crystal Palace,0,0,,
780,Casey,FWD,4.5,0,4.5,Crystal Palace,0,0,,
793,King,DEF,4.0,0,4.0,Crystal Palace,0,0,,
798,Imray,DEF,4.0,0,4.0,Crystal Palace,0,0,,
242,Dewsbury-Hall,MID,5.0,151,5.01578947368421,Everton,31,29,5.137931034482759,4.265510670574882
243,George,MID,5.0,16,4.844736842105263,Chelsea,15,2,2.5,0.7071067811865476
287,Pickford,GK,5.5,135,5.5473684210526315,Everton,38,38,3.5526315789473686,3.398706975283494
288,Travers,GK,4.5,0,4.336842105263158,Everton,0,0,,
289,Tyrer,GK,4.0,0,3.9263157894736844,Everton,0,0,,
290,Branthwaite,DEF,5.5,32,5.310526315789474,Everton,10,7,4.142857142857143,2.6726124191242437
291,Tarkowski,DEF,5.5,170,5.597368421052631,Everton,37,37,4.594594594594595,3.7152797072768697
292,Mykolenko,DEF,5.0,95,4.905263157894737,Everton,33,33,2.878787878787879,2.459135719078653
293,O'Brien,DEF,5.0,116,4.926315789473684,Everton,37,36,3.1944444444444446,2.7445472636738617
294,Coleman,DEF,4.5,5,4.276315789473684,Everton,5,0,,
295,Keane,DEF,4.5,131,4.586842105263158,Everton,33,29,4.379310344827586,3.6879513583661696
296,Patterson,DEF,4.5,22,4.407894736842105,Everton,7,3,6.0,3.4641016151377544
297,Dixon,DEF,4.0,0,3.855263157894737,Everton,0,0,,
298,Welch,DEF,4.0,0,3.85,Everton,0,0,,
299,Ndiaye,MID,6.5,128,6.339473684210526,Everton,32,32,4.0,2.6150926709046765
300,McNeil,MID,6.0,53,5.563157894736841,Everton,22,12,3.5833333333333335,1.6764862244009227
301,Alcaraz,MID,5.5,29,5.23421052631579,Everton,20,7,2.5714285714285716,1.2724180205607034
302,Gana,MID,5.5,83,5.407894736842105,Everton,25,24,3.5416666666666665,2.5363302258366818
303,Garner,MID,5.0,159,5.105263157894737,Everton,38,38,4.184210526315789,2.893191104177463
304,Iroegbunam,MID,5.0,68,4.844736842105263,Everton,29,16,3.3125,1.579820664927932
305,Armstrong,MID,4.5,21,4.5,Everton,13,5,2.6,0.8944271909999159
306,Bates,MID,4.5,0,4.363157894736842,Everton,0,0,,
307,Ebere,MID,4.5,0,4.418421052631579,Everton,0,0,,
308,Heath,MID,4.5,0,4.5,Everton,0,0,,
309,Metcalfe,MID,4.5,0,4.5,Everton,0,0,,
310,Barry,FWD,6.0,95,5.73421052631579,Everton,38,19,3.263157894736842,2.305599590927317
311,Beto,FWD,5.5,104,5.121052631578947,Everton,37,16,4.6875,4.2066415741459755
312,Y.Chermiti,FWD,5.0,0,4.907894736842105,Everton,0,0,,
313,Sherif,FWD,4.5,0,4.407894736842105,Everton,0,0,,
419,Grealish,MID,6.5,79,6.515789473684211,Everton,20,18,4.277777777777778,4.026464739775277
630,King,GK,4.0,0,3.9236842105263157,Everton,0,0,,
667,Aznou,DEF,4.5,0,4.268421052631579,Everton,0,0,,
704,Onyango,MID,4.5,0,4.5,Everton,0,0,,
705,Campbell,DEF,4.0,0,3.924324324324324,Everton,0,0,,
707,Dibling,MID,5.5,18,5.35,Everton,14,2,3.5,2.1213203435596424
728,Röhl,MID,5.0,36,5.0,Everton,16,6,4.333333333333333,2.6583202716502514
779,Graham,FWD,4.5,0,4.5,Everton,0,0,,
314,Leno,GK,5.0,122,4.939473684210526,Fulham,38,38,3.210526315789474,2.4067236306696906
315,Benda,GK,4.0,0,4.0,Fulham,0,0,,
316,Robinson,DEF,5.0,65,4.923684210526316,Fulham,22,16,3.6875,3.5349446011689256
317,Andersen,DEF,4.5,123,4.531578947368422,Fulham,33,31,4.0,2.886751345948129
318,Bassey,DEF,4.5,103,4.45,Fulham,30,28,3.607142857142857,2.9481857034113275
319,Castagne,DEF,4.5,61,4.344736842105263,Fulham,30,19,2.6315789473684212,2.1656542843981734
320,Diop,DEF,4.5,31,4.339473684210526,Fulham,13,8,3.25,4.77343841331532
321,J.Cuenca,DEF,4.5,39,4.342105263157895,Fulham,15,10,3.6,2.2211108331943574
322,Tete,DEF,4.5,81,4.5,Fulham,22,19,4.157894736842105,2.872535811492016
323,Amissah,DEF,4.0,0,3.85,Fulham,0,0,,
324,Iwobi,MID,6.5,103,6.368421052631579,Fulham,29,28,3.642857142857143,3.3134326579600164
325,Smith Rowe,MID,6.0,80,5.660526315789474,Fulham,37,19,3.0,1.7950549357115013
327,Andreas,MID,5.5,0,5.310526315789474,Fulham,0,0,,
328,Sessegnon,MID,5.5,95,5.405263157894737,Fulham,27,20,4.25,3.290736599672033
329,Wilson,MID,5.5,168,5.678947368421053,Fulham,36,30,5.3,3.9579688277422433
330,Berge,MID,5.0,91,4.918421052631579,Fulham,35,33,2.696969696969697,1.6860613957691546
331,Cairney,MID,5.0,41,4.839473684210526,Fulham,24,7,2.2857142857142856,0.48795003647426655
332,Lukić,MID,5.0,67,4.944736842105263,Fulham,26,17,3.4705882352941178,2.3483410915693104
333,Godo,MID,4.5,0,4.5,Fulham,0,0,,
334,Harris,MID,4.5,0,4.5,Fulham,0,0,,
335,King,MID,4.5,63,4.4526315789473685,Fulham,32,13,3.3076923076923075,3.092588327615327
336,Reed,MID,4.5,15,4.336842105263158,Fulham,7,1,2.0,
337,Raúl,FWD,6.5,112,6.207894736842105,Fulham,36,23,3.9130434782608696,2.539023496583979
338,Muniz,FWD,5.5,36,5.360526315789474,Fulham,21,9,2.0,1.3228756555322954
424,Bobb,MID,5.5,42,5.223684210526316,Man City,23,10,3.0,1.4142135623730951
664,Lecomte,GK,4.0,0,3.9289473684210527,Fulham,0,0,,
727,Chukwueze,MID,5.5,62,5.325714285714286,Fulham,23,9,2.888888888888889,1.2692955176439846
731,Kevin,MID,6.0,49,5.8342857142857145,Fulham,26,6,3.1666666666666665,1.4719601443879744
737,Kusi-Asare,FWD,4.5,6,4.5,Fulham,7,0,,
770,Ridgeon,MID,4.5,0,4.5,Fulham,0,0,,
786,McNally,GK,4.0,0,4.0,Fulham,0,0,,
168,Buonanotte,MID,5.0,3,4.673684210526316,Chelsea,4,0,,
339,Meslier,GK,4.5,0,4.228947368421053,Leeds,0,0,,
340,Cairns,GK,4.0,0,3.931578947368421,Leeds,0,0,,
341,Darlow,GK,4.0,71,3.9473684210526314,Leeds,22,22,3.227272727272727,2.4286350895654123
342,Bogle,DEF,4.5,96,4.436842105263159,Leeds,34,31,3.0,2.338090388900024
343,Struijk,DEF,4.5,108,4.355263157894737,Leeds,34,32,3.3125,2.520080643870927
344,Bijol,DEF,4.0,99,3.913157894736842,Leeds,25,21,4.571428571428571,3.1075943842694236
345,Bornauw,DEF,4.0,25,3.8473684210526313,Leeds,12,4,4.5,1.9148542155126762
346,Byram,DEF,4.0,2,3.8263157894736843,Leeds,2,0,,
347,Gudmundsson,DEF,4.0,68,3.878947368421053,Leeds,32,28,2.392857142857143,2.7933689432135624
348,Rodon,DEF,4.0,109,3.9763157894736842,Leeds,35,32,3.34375,2.8580319757122297
349,Schmidt,DEF,4.0,0,4.0,Leeds,0,0,,
350,Aaronson,MID,5.5,126,5.405263157894737,Leeds,37,28,4.071428571428571,2.917743565364769
351,Gnonto,MID,5.5,32,5.210526315789474,Leeds,23,2,2.5,0.7071067811865476
352,Harrison,MID,5.5,12,5.16578947368421,Leeds,11,1,2.0,
353,James,MID,5.5,23,5.26578947368421,Leeds,19,3,2.3333333333333335,0.5773502691896258
354,Ampadu,MID,5.0,134,4.905263157894737,Leeds,35,35,3.8285714285714287,2.5493449479945913
355,Greenwood,MID,5.0,0,4.905263157894737,Leeds,0,0,,
356,Gruev,MID,5.0,56,4.771052631578947,Leeds,23,14,3.2142857142857144,2.6363894724697734
357,Ramazani,MID,5.0,0,4.905263157894737,Leeds,0,0,,
358,Tanaka,MID,5.0,67,4.826315789473684,Leeds,28,12,3.75,2.0943647333651403
359,Crew,MID,4.5,0,4.5,Leeds,0,0,,
360,Gelhardt,MID,4.5,0,4.5,Leeds,0,0,,
361,Gyabi,MID,4.5,0,4.5,Leeds,0,0,,
362,Piroe,FWD,5.5,17,5.021052631578947,Leeds,16,1,2.0,
363,Bamford,FWD,5.0,0,4.905263157894737,Leeds,0,0,,
364,Mateo Joseph,FWD,5.0,0,5.0,Leeds,0,0,,
365,Nmecha,FWD,5.0,73,5.0,Leeds,31,9,4.555555555555555,3.503966006938106
493,Longstaff,MID,5.0,56,4.847368421052631,Leeds,23,9,4.111111111111111,4.400126260814695
660,Stach,MID,5.0,137,4.860526315789474,Leeds,29,27,4.888888888888889,3.6724895489544265
665,Perri,GK,4.5,43,4.478947368421053,Leeds,16,16,2.6875,2.5486924752377114
691,Calvert-Lewin,FWD,5.5,142,5.675675675675675,Leeds,35,30,4.366666666666666,3.3782604514988064
698,Okafor,MID,5.5,109,5.505405405405406,Leeds,28,18,4.888888888888889,4.377601934028545
706,Justin,DEF,4.0,94,3.9333333333333336,Leeds,29,20,4.35,3.9239480655396846
741,Gray,FWD,4.5,0,4.5,Leeds,0,0,,
787,Chambers,MID,4.5,0,4.421052631578947,Leeds,0,0,,
837,Lienou,DEF,4.0,0,4.0,Leeds,0,0,,
838,Chadwick,MID,4.5,0,4.5,Leeds,0,0,,
839,Cresswell,MID,4.5,0,4.5,Leeds,0,0,,
366,A.Becker,GK,5.5,91,5.418421052631579,Liverpool,26,26,3.5,2.672077843177477
367,Mamardashvili,GK,4.5,34,4.228947368421053,Liverpool,10,9,3.6666666666666665,3.082207001484488
368,Pécsi,GK,4.0,0,3.8684210526315788,Liverpool,0,0,,
369,Woodman,GK,4.0,6,3.913157894736842,Liverpool,3,2,2.5,0.7071067811865476
370,Frimpong,DEF,6.0,63,5.763157894736842,Liverpool,21,10,4.1,2.558211180579986
371,Kerkez,DEF,6.0,85,5.694736842105263,Liverpool,34,23,3.347826086956522,2.72377905345052
372,Robertson,DEF,6.0,55,5.776315789473684,Liverpool,24,9,4.888888888888889,2.848001248439177
373,Virgil,DEF,6.0,175,6.026315789473684,Liverpool,38,38,4.605263157894737,3.774304830813652
374,Konaté,DEF,5.5,129,5.442105263157894,Liverpool,36,34,3.764705882352941,3.172407780061487
375,Bradley,DEF,5.0,42,4.963157894736842,Liverpool,15,9,4.333333333333333,2.5495097567963922
376,Gomez,DEF,5.0,33,4.918421052631579,Liverpool,21,5,3.8,4.43846820423443
377,Tsimikas,DEF,5.0,0,4.815789473684211,Liverpool,0,0,,
378,Nallo,DEF,4.0,0,3.778947368421053,Liverpool,0,0,,
379,R.Williams,DEF,4.0,0,3.794736842105263,Liverpool,0,0,,
380,Ramsay,DEF,4.0,0,3.81578947368421,Liverpool,0,0,,
381,M.Salah,MID,14.5,123,14.13684210526316,Liverpool,27,23,5.173913043478261,2.838888609570549
382,Wirtz,MID,8.5,125,8.228947368421052,Liverpool,33,27,4.444444444444445,3.166329266775808
383,Luis Díaz,MID,8.0,0,8.0,Liverpool,0,0,,
384,Gakpo,MID,7.5,131,7.402631578947369,Liverpool,36,31,4.064516129032258,2.803991011290487
385,Chiesa,MID,6.5,37,6.347368421052631,Liverpool,26,1,2.0,
386,Mac Allister,MID,6.5,108,6.268421052631579,Liverpool,37,29,3.4482758620689653,3.3013655929516683
387,Szoboszlai,MID,6.5,160,6.707894736842105,Liverpool,36,36,4.444444444444445,3.714407812400975
388,C.Jones,MID,5.5,81,5.405263157894737,Liverpool,34,18,3.5,2.307277489112375
390,Gravenberch,MID,5.5,144,5.560526315789474,Liverpool,36,33,4.303030303030303,3.3305859890270106
392,Endo,MID,5.0,12,4.910526315789474,Liverpool,8,1,3.0,
393,Bajcetic,MID,4.5,0,4.305263157894737,Liverpool,0,0,,
394,McConnell,MID,4.5,0,4.407894736842105,Liverpool,0,0,,
395,Morton,MID,4.5,0,4.5,Liverpool,0,0,,
396,Nyoni,MID,4.5,6,4.323684210526316,Liverpool,6,0,,
397,Darwin,FWD,6.5,0,6.5,Liverpool,0,0,,
398,Danns,FWD,4.5,0,4.336842105263158,Liverpool,0,0,,
499,Isak,FWD,10.5,41,10.363157894736842,Liverpool,14,8,3.75,2.5495097567963922
661,Ekitiké,FWD,8.5,125,8.844736842105263,Liverpool,28,19,6.105263157894737,4.920419323166418
686,Ngumoha,MID,4.5,43,4.371052631578947,Liverpool,19,5,4.8,3.8340579025361627
692,Leoni,DEF,5.0,0,4.916216216216216,Liverpool,0,0,,
746,Morrison,MID,4.5,0,4.5,Liverpool,0,0,,
760,Lucky,DEF,4.0,0,4.0,Liverpool,0,0,,
830,Wright,FWD,4.5,0,4.5,Liverpool,0,0,,
832,Ndiaye,DEF,4.0,0,4.0,Liverpool,0,0,,
82,Semenyo,MID,7.0,202,7.842105263157895,Bournemouth,37,35,5.571428571428571,4.340545603314608
182,Trafford,GK,5.0,13,4.621052631578947,Man City,4,4,3.25,2.5
260,Guéhi,DEF,4.5,179,5.052631578947368,Crystal Palace,35,35,5.114285714285714,3.909050046866574
399,Ederson M.,GK,5.5,0,5.310526315789474,Man City,0,0,,
401,Bettinelli,GK,4.0,0,3.8921052631578945,Man City,0,0,,
402,Aït-Nouri,DEF,6.0,60,5.755263157894737,Man City,17,10,5.3,3.802046232695699
403,Gvardiol,DEF,6.0,79,5.88421052631579,Man City,18,14,5.357142857142857,3.7948779823729377
404,Akanji,DEF,5.5,0,5.405263157894737,Man City,0,0,,
405,Aké,DEF,5.5,36,5.307894736842106,Man City,18,7,3.5714285714285716,2.9920529661723827
406,Khusanov,DEF,5.5,67,5.405263157894737,Man City,21,14,4.285714285714286,3.0237157840738176
407,Matheus N.,DEF,5.5,154,5.360526315789474,Man City,34,30,4.9,3.7264201180961503
408,Rúben,DEF,5.5,113,5.539473684210526,Man City,26,23,4.826086956521739,3.393204089366695
409,Stones,DEF,5.5,16,5.428947368421053,Man City,9,5,2.6,2.073644135332772
410,Lewis,DEF,5.0,19,4.739473684210526,Man City,11,4,3.0,5.354126134736337
411,O'Reilly,DEF,5.0,160,5.08421052631579,Man City,34,28,5.607142857142857,4.331959489177273
412,Vitor Reis,DEF,5.0,0,5.0,Man City,0,0,,
413,Marmoush,MID,8.5,56,8.313157894736843,Man City,21,5,6.2,3.5637059362410923
414,Foden,MID,8.0,131,8.234210526315788,Man City,33,22,5.454545454545454,5.040098947699084
415,Savinho,MID,7.0,43,6.902631578947369,Man City,24,6,3.8333333333333335,3.0605010483034745
416,Bernardo,MID,6.5,102,6.257894736842106,Man City,38,31,3.096774193548387,1.9382954489220234
417,Cherki,MID,6.5,135,6.481578947368421,Man City,33,16,6.75,3.3366650016645862
418,Doku,MID,6.5,120,6.463157894736843,Man City,30,18,6.0,4.186814035123352
420,Gündoğan,MID,6.5,0,6.307894736842106,Man City,0,0,,
421,Rodrigo,MID,6.5,69,6.323684210526316,Man City,21,16,4.0,1.8973665961010275
422,Kovačić,MID,6.0,9,5.873684210526315,Man City,6,0,,
423,N.Gonzalez,MID,6.0,63,5.913157894736842,Man City,25,17,3.411764705882353,1.6605279103876787
425,Echeverri,MID,5.5,0,5.402631578947369,Man City,0,0,,
427,Reijnders,MID,5.5,92,5.281578947368422,Man City,28,17,4.764705882352941,3.1529631254723287
428,Nypan,MID,5.0,0,5.0,Man City,0,0,,
429,Phillips,MID,5.0,0,4.786842105263158,Man City,0,0,,
430,Haaland,FWD,14.0,239,14.705263157894738,Man City,35,33,7.0606060606060606,4.847289151805586
736,Donnarumma,GK,5.5,135,5.64,Man City,34,34,3.9705882352941178,2.552304889615339
739,Mukasa,MID,4.5,2,4.434285714285714,Man City,2,0,,
740,Mfuni,DEF,4.0,0,3.94,Man City,0,0,,
742,McAidoo,MID,4.5,0,4.5,Man City,0,0,,
763,Gray,MID,4.5,0,4.5,Man City,0,0,,
764,Heskey,MID,4.5,0,4.5,Man City,0,0,,
794,Alleyne,DEF,4.5,5,4.088888888888889,Man City,2,1,4.0,
119,Mbeumo,MID,8.0,148,8.323684210526316,Man Utd,33,31,4.709677419354839,3.61656880101473
431,Bayindir,GK,5.0,11,4.8,Man Utd,6,6,1.8333333333333333,0.408248290463863
432,Onana,GK,5.0,0,4.907894736842105,Man Utd,0,0,,
433,Harrison,GK,4.0,0,4.0,Man Utd,0,0,,
434,Heaton,GK,4.0,0,3.9026315789473687,Man Utd,0,0,,
435,Mee,GK,4.0,0,3.9236842105263157,Man Utd,0,0,,
436,De Ligt,DEF,5.0,43,4.947368421052632,Man Utd,13,13,3.3076923076923075,2.839736354681991
437,Martinez,DEF,5.0,51,4.826315789473684,Man Utd,18,12,4.083333333333333,3.3154825052206567
438,Mazraoui,DEF,5.0,53,4.905263157894737,Man Utd,20,10,4.5,3.4075080500434787
439,D.Leon,DEF,4.5,0,4.228947368421053,Man Utd,0,0,,
440,Dalot,DEF,4.5,111,4.481578947368421,Man Utd,34,28,3.7857142857142856,4.012546460856136
441,Dorgu,DEF,4.5,95,4.260526315789474,Man Utd,26,14,6.071428571428571,6.182659195303808
442,Maguire,DEF,4.5,90,4.373684210526315,Man Utd,23,19,4.526315789473684,3.564772410572839
443,Shaw,DEF,4.5,113,4.5,Man Utd,38,37,3.027027027027027,2.576458448750559
444,Yoro,DEF,4.5,56,4.273684210526316,Man Utd,32,17,2.4705882352941178,1.9078013215093812
445,Amass,DEF,4.0,0,4.0,Man Utd,0,0,,
446,Fredricson,DEF,4.0,1,3.81578947368421,Man Utd,1,0,,
447,Heaven,DEF,4.0,42,3.81578947368421,Man Utd,17,10,3.5,3.4075080500434787
448,Malacia,DEF,4.0,3,3.8210526315789473,Man Utd,3,0,,
449,B.Fernandes,MID,9.0,235,9.455263157894738,Man Utd,35,34,6.882352941176471,4.429684343924436
450,Cunha,MID,8.0,143,8.010526315789473,Man Utd,33,28,4.535714285714286,2.834733547569204
451,Rashford,MID,7.0,0,7.0,Man Utd,0,0,,
452,Amad,MID,6.5,91,6.271052631578947,Man Utd,32,23,3.4782608695652173,2.273754708474135
454,Antony,MID,6.0,0,5.905263157894737,Man Utd,0,0,,
455,Mount,MID,6.0,58,5.910526315789474,Man Utd,23,10,4.6,2.836272984824353
457,Casemiro,MID,5.5,165,5.571052631578947,Man Utd,34,29,5.551724137931035,3.6799282494611583
458,Mainoo,MID,5.0,73,4.7,Man Utd,28,16,3.8125,1.8697147732564274
459,Ugarte,MID,5.0,38,4.755263157894737,Man Utd,22,8,3.0,1.4142135623730951
460,Collyer,MID,4.5,0,4.5,Man Utd,0,0,,
461,Fitzgerald,MID,4.5,0,4.36578947368421,Man Utd,0,0,,
462,J.Fletcher,MID,4.5,3,4.336842105263158,Man Utd,3,0,,
463,Kone,MID,4.5,0,4.344736842105263,Man Utd,0,0,,
464,Moorhouse,MID,4.5,0,4.5,Man Utd,0,0,,
465,Højlund,FWD,6.5,0,6.310526315789474,Man Utd,0,0,,
466,Zirkzee,FWD,6.0,42,5.823684210526316,Man Utd,24,4,3.5,3.696845502136472
467,Obi,FWD,4.5,0,4.260526315789474,Man Utd,0,0,,
468,Wheatley,FWD,4.5,0,4.5,Man Utd,0,0,,
681,Šeško,FWD,7.5,111,7.278947368421052,Man Utd,30,14,4.714285714285714,3.709210395521095
733,Lammens,GK,5.0,109,5.025714285714286,Man Utd,32,32,3.40625,2.860852286723593
755,Lacey,MID,4.5,3,4.5,Man Utd,3,0,,
769,Bendito Mantato,MID,4.5,1,4.5,Man Utd,1,0,,
771,Fletcher,MID,4.5,2,4.428571428571429,Man Utd,2,0,,
788,Kukonki,DEF,4.0,0,4.0,Man Utd,0,0,,
827,Thwaites,MID,4.5,0,4.5,Man Utd,0,0,,
52,J.Ramsey,MID,5.5,62,5.321052631578947,Newcastle,28,13,3.3076923076923075,2.4961508830135313
135,Wissa,FWD,7.5,27,7.339473684210526,Newcastle,19,4,3.0,2.0
469,Pope,GK,5.0,96,5.081578947368421,Newcastle,27,27,3.5555555555555554,2.1363760352762253
471,Gillespie,GK,4.0,0,3.9289473684210527,Newcastle,0,0,,
472,Odysseas,GK,4.0,0,4.0,Newcastle,0,0,,
473,Hall,DEF,5.5,79,5.307894736842106,Newcastle,30,23,3.1739130434782608,2.386556551584949
474,Schär,DEF,5.5,51,5.307894736842106,Newcastle,16,11,4.181818181818182,2.926369143432927
475,Botman,DEF,5.0,89,4.905263157894737,Newcastle,25,20,4.05,2.6452539426400317
476,Burn,DEF,5.0,93,5.042105263157895,Newcastle,29,24,3.6666666666666665,3.212295219887199
477,Livramento,DEF,5.0,59,4.936842105263159,Newcastle,17,14,4.0,2.4806946917841692
478,Trippier,DEF,5.0,54,4.936842105263159,Newcastle,21,18,2.888888888888889,2.6096853289888933
479,Krafth,DEF,4.5,0,4.336842105263158,Newcastle,1,0,,
480,Lascelles,DEF,4.5,1,4.331578947368421,Newcastle,2,0,,
481,A.Murphy,DEF,4.0,2,3.8473684210526313,Newcastle,2,0,,
482,Ashby,DEF,4.0,0,3.910526315789474,Newcastle,0,0,,
483,Pivas,DEF,4.0,0,3.8421052631578947,Newcastle,0,0,,
484,Targett,DEF,4.0,0,4.0,Newcastle,0,0,,
485,Gordon,MID,7.5,101,7.342105263157895,Newcastle,26,21,4.476190476190476,3.234486784932775
486,Elanga,MID,7.0,48,6.628947368421052,Newcastle,32,11,2.4545454545454546,0.9341987329938275
487,Barnes,MID,6.5,106,6.239473684210526,Newcastle,37,18,4.277777777777778,4.2537949223993
488,Bruno G.,MID,6.5,154,6.794736842105263,Newcastle,29,27,5.407407407407407,3.835655186829326
489,J.Murphy,MID,6.5,82,6.0473684210526315,Newcastle,33,17,3.7058823529411766,2.257340965670476
490,Joelinton,MID,6.0,73,5.907894736842105,Newcastle,27,20,3.4,1.9303667499917432
491,Tonali,MID,5.5,81,5.344736842105263,Newcastle,35,27,2.740740740740741,1.2585887271247838
492,Antoñito C.,MID,5.0,0,4.907894736842105,Newcastle,0,0,,
494,Willock,MID,5.0,38,5.0,Newcastle,24,8,2.75,1.3887301496588271
495,Hayden,MID,4.5,0,4.5,Newcastle,0,0,,
496,Kuol,MID,4.5,0,4.410526315789474,Newcastle,0,0,,
497,L.Miley,MID,4.5,72,4.436842105263159,Newcastle,23,15,4.066666666666666,3.4114652626247333
498,White,MID,4.5,0,4.5,Newcastle,0,0,,
500,Osula,FWD,5.5,76,5.434210526315789,Newcastle,24,8,5.875,4.38951673226759
501,Neave,FWD,4.5,1,4.355263157894737,Newcastle,1,0,,
674,Ramsdale,GK,5.0,25,4.826315789473684,Newcastle,12,11,2.272727272727273,1.7372915179041823
684,Thiaw,DEF,5.0,126,4.992105263157894,Newcastle,35,32,3.9375,4.287547610946032
689,Seung soo,MID,4.5,0,4.36578947368421,Newcastle,0,0,,
714,Woltemade,FWD,7.0,108,7.088571428571429,Newcastle,33,21,4.571428571428571,3.23375058672478
753,Ruddy,GK,4.0,0,4.0,Newcastle,0,0,,
765,Shahar,DEF,4.0,0,4.0,Newcastle,0,0,,
772,Alabi,MID,4.5,0,4.5,Newcastle,0,0,,
12,Zinchenko,DEF,5.0,7,4.905263157894737,Nott'm Forest,5,4,1.5,0.5773502691896257
400,Ortega Moreno,GK,5.0,11,4.760526315789474,Man City,3,3,3.6666666666666665,3.0550504633038935
426,McAtee,MID,5.5,17,5.113157894736842,Nott'm Forest,14,1,2.0,
502,Sels,GK,5.0,105,4.710526315789474,Nott'm Forest,31,29,3.5517241379310347,2.39919937384703
503,C.Miguel,GK,4.0,0,4.0,Nott'm Forest,0,0,,
504,Turner,GK,4.0,0,4.0,Nott'm Forest,0,0,,
505,Milenković,DEF,5.5,119,5.194736842105263,Nott'm Forest,38,37,3.189189189189189,2.6335214894576877
506,Murillo,DEF,5.5,83,5.273684210526316,Nott'm Forest,25,23,3.4347826086956523,3.917630162095003
507,Aina,DEF,5.0,67,4.75,Nott'm Forest,18,18,3.7222222222222223,3.443759155949064
508,N.Williams,DEF,5.0,128,4.771052631578947,Nott'm Forest,37,34,3.7941176470588234,3.9755267367010125
509,David Carmo,DEF,4.5,0,4.5,Nott'm Forest,0,0,,
510,Jair Cunha,DEF,4.5,13,4.281578947368422,Nott'm Forest,9,4,2.0,0.816496580927726
511,Morato,DEF,4.5,53,4.336842105263158,Nott'm Forest,21,14,3.2857142857142856,2.7853620515548347
512,O.Richards,DEF,4.5,0,4.5,Nott'm Forest,0,0,,
513,Abbott,DEF,4.0,3,3.8526315789473684,Nott'm Forest,3,1,1.0,
514,Boly,DEF,4.0,0,3.85,Nott'm Forest,0,0,,
515,Gibbs-White,MID,7.5,188,7.378947368421052,Nott'm Forest,37,35,5.228571428571429,4.080698572589764
516,Hudson-Odoi,MID,6.0,88,5.771052631578947,Nott'm Forest,30,17,4.235294117647059,4.4233670965214085
517,Anderson,MID,5.5,180,5.423684210526316,Nott'm Forest,38,37,4.837837837837838,2.9862045170110867
518,Jota,MID,5.5,1,5.405263157894737,Nott'm Forest,1,0,,
519,Dominguez,MID,5.0,48,5.0,Nott'm Forest,27,8,3.625,2.669269563007828
520,O'Brien,MID,5.0,0,5.0,Nott'm Forest,0,0,,
521,Sangaré,MID,5.0,89,4.918421052631579,Nott'm Forest,28,22,3.590909090909091,3.4178674903831747
522,Yates,MID,5.0,30,4.742105263157894,Nott'm Forest,22,3,3.3333333333333335,2.0816659994661326
523,Da Silva Moreira,MID,4.5,0,4.5,Nott'm Forest,0,0,,
524,Stamenic,MID,4.5,0,4.5,Nott'm Forest,0,0,,
525,Wood,FWD,7.5,41,7.247368421052632,Nott'm Forest,15,10,3.6,3.6575644598253874
526,Igor Jesus,FWD,6.0,114,5.826315789473684,Nott'm Forest,37,24,3.7916666666666665,3.2165221113422526
527,Awoniyi,FWD,5.5,43,5.23421052631579,Nott'm Forest,17,2,9.0,9.899494936611665
669,Ndoye,MID,6.0,50,5.639473684210526,Nott'm Forest,24,10,3.6,2.590581230363393
675,Gunn,GK,4.0,1,4.0,Nott'm Forest,1,0,,
693,Hutchinson,MID,5.5,82,5.418918918918918,Nott'm Forest,31,15,3.533333333333333,2.099886618254378
696,Kalimuendo,FWD,6.0,9,6.0,Nott'm Forest,9,0,,
715,John,GK,4.0,11,4.0,Nott'm Forest,5,5,2.2,2.16794833886788
716,Savona,DEF,4.5,39,4.5,Nott'm Forest,14,10,3.8,3.675746333890726
729,Cuiabano,DEF,4.5,0,4.5,Nott'm Forest,0,0,,
734,Bakwa,MID,6.0,26,5.925714285714286,Nott'm Forest,14,4,4.0,2.160246899469287
805,Lucca,FWD,5.5,9,5.446666666666667,Nott'm Forest,4,1,2.0,
814,Netz,DEF,4.5,11,4.5,Nott'm Forest,7,3,2.3333333333333335,1.5275252316519468
835,Whitehall,MID,4.5,0,4.5,Nott'm Forest,0,0,,
836,Sinclair,MID,4.5,0,4.5,Nott'm Forest,0,0,,
841,Sillah,FWD,4.5,0,4.5,Nott'm Forest,0,0,,
528,Patterson,GK,4.5,0,4.268421052631579,Sunderland,0,0,,
529,Moore,GK,4.0,0,3.9263157894736844,Sunderland,0,0,,
530,Nna Noukeu,GK,4.0,0,3.9263157894736844,Sunderland,0,0,,
531,Ballard,DEF,4.5,116,4.623684210526315,Sunderland,29,22,5.045454545454546,4.19157059695576
532,Hume,DEF,4.5,110,4.5,Sunderland,38,32,3.15625,3.101605983586463
533,Alese,DEF,4.0,0,4.0,Sunderland,0,0,,
534,Anderson,DEF,4.0,0,3.8631578947368417,Sunderland,0,0,,
535,Cirkin,DEF,4.0,14,4.0,Sunderland,8,2,5.0,4.242640687119285
536,Hjelde,DEF,4.0,0,4.0,Sunderland,0,0,,
537,Huggins,DEF,4.0,0,4.0,Sunderland,0,0,,
538,Johnson,DEF,4.0,0,3.8631578947368417,Sunderland,0,0,,
539,O'Nien,DEF,4.0,26,4.0,Sunderland,12,6,3.8333333333333335,2.401388487243717
540,Pembele,DEF,4.0,0,3.910526315789474,Sunderland,0,0,,
541,Reinildo,DEF,4.0,74,3.889473684210526,Sunderland,25,21,3.619047619047619,3.169797950598594
542,Seelt,DEF,4.0,2,4.0,Sunderland,2,1,1.0,
543,Adingra,MID,5.5,34,5.036842105263158,Sunderland,14,7,3.857142857142857,3.132015933791495
544,Diarra,MID,5.5,65,5.339473684210526,Sunderland,20,15,3.933333333333333,3.32665998663324
545,Roberts,MID,5.5,1,5.402631578947369,Sunderland,1,0,,
546,Aleksić,MID,5.0,0,4.905263157894737,Sunderland,0,0,,
547,E.Le Fée,MID,5.0,147,4.9,Sunderland,36,33,4.363636363636363,3.417036195833513
548,Mundle,MID,5.0,14,4.905263157894737,Sunderland,14,1,2.0,
549,Neil,MID,5.0,3,4.823684210526316,Sunderland,3,0,,
550,Poveda,MID,5.0,0,4.802631578947368,Sunderland,0,0,,
551,Rigg,MID,5.0,36,4.757894736842106,Sunderland,18,7,3.142857142857143,1.7728105208558367
552,Sadiki,MID,5.0,80,4.9526315789473685,Sunderland,33,33,2.4242424242424243,1.0316946929174051
553,Talbi,MID,5.0,83,4.944736842105263,Sunderland,28,16,3.8125,2.638654960391752
554,Ba,MID,4.5,0,4.331578947368421,Sunderland,0,0,,
555,Browne,MID,4.5,0,4.5,Sunderland,0,0,,
556,Ekwah,MID,4.5,0,4.5,Sunderland,0,0,,
557,H.Jones,MID,4.5,0,4.35,Sunderland,0,0,,
558,Matete,MID,4.5,0,4.347368421052631,Sunderland,0,0,,
559,Triantis,MID,4.5,0,4.407894736842105,Sunderland,0,0,,
560,Isidor,FWD,5.5,74,5.321052631578947,Sunderland,32,9,3.3333333333333335,2.692582403567252
561,Mayenda,FWD,5.5,40,5.289473684210526,Sunderland,20,7,3.857142857142857,3.1847852585154217
562,Abdullahi,FWD,4.5,0,4.286842105263158,Sunderland,0,0,,
563,Luís Hemir,FWD,4.5,0,4.407894736842105,Sunderland,0,0,,
564,Rusyn,FWD,4.5,0,4.407894736842105,Sunderland,0,0,,
668,Xhaka,MID,5.0,124,5.113157894736842,Sunderland,34,32,3.8125,2.263846284534354
670,Roefs,GK,4.5,136,4.752631578947368,Sunderland,35,35,3.8857142857142857,3.1321053675784034
678,Masuaku,DEF,4.0,1,3.9184210526315786,Sunderland,3,0,,
683,Alderete,DEF,4.0,125,4.073684210526316,Sunderland,33,31,3.870967741935484,3.7304328210353908
694,Mukiele,DEF,4.0,151,4.321621621621622,Sunderland,32,31,4.838709677419355,4.290274072003236
724,Geertruida,DEF,4.5,55,4.5,Sunderland,28,17,2.588235294117647,1.8048138245194352
730,Brobbey,FWD,5.5,92,5.454285714285715,Sunderland,31,21,3.3333333333333335,2.8343135559308417
735,Traoré,MID,5.5,30,5.5,Sunderland,12,7,3.7142857142857144,2.1380899352993947
774,Jenson Jones,DEF,4.0,0,4.0,Sunderland,0,0,,
775,Tutierov,MID,4.5,0,4.5,Sunderland,0,0,,
800,Jocelin.T,MID,5.0,1,4.9625,Sunderland,1,0,,
812,Ellborg,GK,4.0,16,4.0,Sunderland,3,3,5.333333333333333,4.041451884327381
813,Angulo,MID,5.0,13,5.0,Sunderland,8,5,2.0,0.7071067811865476
821,Whittaker,MID,4.5,0,4.5,Sunderland,0,0,,
822,Jones,MID,4.5,0,4.5,Sunderland,0,0,,
565,Vicario,GK,5.0,90,4.873684210526315,Spurs,31,31,2.903225806451613,2.573646423652343
566,Austin,GK,4.0,0,3.9184210526315786,Spurs,0,0,,
567,Kinsky,GK,4.0,20,3.913157894736842,Spurs,7,7,2.857142857142857,1.9518001458970664
568,Pedro Porro,DEF,5.5,117,5.315789473684211,Spurs,34,31,3.7096774193548385,3.417538572199752
569,Romero,DEF,5.0,91,5.013157894736842,Spurs,23,20,4.65,4.693500545266938
570,Danso,DEF,4.5,63,4.260526315789474,Spurs,24,15,3.8,2.4842360136324753
571,Davies,DEF,4.5,10,4.323684210526316,Spurs,3,1,9.0,
572,Dragusin,DEF,4.5,17,4.5,Spurs,10,5,2.6,1.1401754250991378
573,Spence,DEF,4.5,78,4.323684210526316,Spurs,30,22,3.227272727272727,2.7243490822722998
574,Udogie,DEF,4.5,29,4.352631578947369,Spurs,20,13,1.6923076923076923,1.797434068545834
575,Van de Ven,DEF,4.5,116,4.573684210526316,Spurs,35,33,3.5757575757575757,4.918271438157306
576,Phillips,DEF,4.0,0,4.0,Spurs,0,0,,
577,Takai,DEF,4.0,0,4.0,Spurs,0,0,,
578,Vuskovic,DEF,4.0,0,3.9078947368421053,Spurs,0,0,,
579,Son,MID,8.5,0,8.5,Spurs,0,0,,
581,Maddison,MID,7.0,3,6.834210526315789,Spurs,3,0,,
582,Kudus,MID,6.5,75,6.484210526315789,Spurs,19,17,4.294117647058823,3.235828832817663
583,Kulusevski,MID,6.5,0,6.407894736842105,Spurs,0,0,,
584,Tel,MID,6.5,78,6.247368421052632,Spurs,31,12,4.25,3.194455423784382
585,Bentancur,MID,5.5,86,5.3,Spurs,26,21,3.9047619047619047,2.4678890150240123
586,Bergvall,MID,5.5,49,5.305263157894737,Spurs,23,9,3.6666666666666665,3.0
587,Bissouma,MID,5.5,17,5.221052631578948,Spurs,11,5,2.6,1.140175425099138
588,Odobert,MID,5.5,46,5.318421052631579,Spurs,24,8,3.0,2.0701966780270626
589,Solomon,MID,5.5,0,5.405263157894737,Spurs,0,0,,
590,Bryan,MID,5.0,0,4.905263157894737,Spurs,0,0,,
591,Gray,MID,5.0,61,4.826315789473684,Spurs,24,15,3.6,2.8233718443429607
592,Moore,MID,5.0,0,5.0,Spurs,0,0,,
593,P.M.Sarr,MID,5.0,71,4.673684210526316,Spurs,26,13,3.6923076923076925,2.3232382351872345
594,Min-hyeok,MID,4.5,0,4.5,Spurs,0,0,,
595,Olusesi,MID,4.5,1,4.342105263157895,Spurs,1,0,,
596,Solanke,FWD,7.5,40,7.207894736842105,Spurs,15,10,3.5,3.3747427885527643
597,Richarlison,FWD,6.5,119,6.436842105263158,Spurs,32,19,4.947368421052632,3.407078973916355
598,Lankshear,FWD,4.5,0,4.5,Spurs,0,0,,
599,Scarlett,FWD,4.5,2,4.331578947368421,Spurs,2,0,,
673,J.Palhinha,MID,5.5,126,5.5,Spurs,33,21,4.9523809523809526,3.308718641350311
717,Xavi,MID,7.0,80,6.602857142857142,Spurs,28,18,4.055555555555555,3.4551278553379214
726,Kolo Muani,FWD,7.0,52,6.908571428571429,Spurs,30,17,2.1176470588235294,1.3173056280328643
745,Byfield,DEF,4.0,1,4.0,Spurs,1,0,,
750,Rowswell,DEF,4.0,1,4.0,Spurs,1,0,,
751,Akhamrich,MID,4.5,0,4.5,Spurs,0,0,,
790,Williams-Barnett,MID,4.5,0,4.5,Spurs,0,0,,
796,Gallagher,MID,5.5,44,5.223529411764706,Spurs,16,13,3.1538461538461537,2.2673829938997163
804,Souza,DEF,4.0,3,4.0,Spurs,4,0,,
811,Kyerematen,MID,4.5,0,4.5,Spurs,0,0,,
818,Wilson,FWD,4.5,0,4.5,Spurs,0,0,,
326,Adama,MID,5.5,25,5.171052631578947,Fulham,24,2,2.0,0.0
600,Areola,GK,4.5,51,4.302631578947368,West Ham,20,20,2.55,1.6375527311718607
601,Foderingham,GK,4.0,0,4.0,West Ham,0,0,,
602,Hegyi,GK,4.0,0,3.9263157894736844,West Ham,0,0,,
603,Diouf,DEF,4.5,104,4.173684210526316,West Ham,32,30,3.4,2.7742659793426316
604,Emerson,DEF,4.5,0,4.405263157894737,West Ham,0,0,,
605,Kilman,DEF,4.5,36,4.236842105263158,West Ham,21,17,1.9411764705882353,1.675954512930397
606,Mavropanos,DEF,4.5,122,4.418421052631579,West Ham,31,27,4.37037037037037,4.243983507436853
607,N.Aguerd,DEF,4.5,3,4.407894736842105,West Ham,2,2,1.5,0.7071067811865476
608,Scarles,DEF,4.5,21,4.342105263157895,West Ham,13,7,2.5714285714285716,1.5118578920369088
609,Todibo,DEF,4.5,46,4.321052631578947,West Ham,23,19,2.3157894736842106,2.2124052165246004
610,Wan-Bissaka,DEF,4.5,67,4.2,West Ham,25,23,2.8260869565217392,2.5163496995204544
611,Casey,DEF,4.0,0,4.0,West Ham,0,0,,
612,L.Paquetá,MID,6.0,69,5.902631578947369,West Ham,18,18,3.8333333333333335,3.7924072752245994
613,Souček,MID,6.0,103,5.723684210526316,West Ham,35,23,3.391304347826087,2.3498381072820282
615,Summerville,MID,5.5,110,5.51578947368421,West Ham,31,28,3.607142857142857,3.0712439959305873
616,Álvarez,MID,5.0,0,4.905263157894737,West Ham,0,0,,
617,Cornet,MID,5.0,0,4.905263157894737,West Ham,0,0,,
618,G.Rodriguez,MID,5.0,8,4.826315789473684,West Ham,6,2,2.0,0.0
619,L.Guilherme,MID,5.0,5,4.907894736842105,West Ham,5,0,,
620,Earthy,MID,4.5,1,4.5,West Ham,1,0,,
621,Irving,MID,4.5,9,4.352631578947369,West Ham,7,2,2.0,0.0
622,Orford,MID,4.5,0,4.407894736842105,West Ham,0,0,,
623,Potts,MID,4.5,37,4.3921052631578945,West Ham,22,10,2.6,1.07496769977314
624,Bowen,FWD,8.0,187,7.673684210526316,West Ham,38,38,4.921052631578948,3.5365396046889437
625,Füllkrug,FWD,6.0,12,5.647368421052631,West Ham,8,4,2.0,0.0
626,Marshall,FWD,4.5,2,4.342105263157895,West Ham,2,0,,
659,Walker-Peters,DEF,4.5,53,4.273684210526316,West Ham,23,14,2.7857142857142856,2.2592909516916153
671,Wilson,FWD,6.0,80,5.828947368421053,West Ham,32,8,3.0,1.927248223318863
679,Hermansen,GK,4.5,76,4.302631578947368,West Ham,18,18,4.222222222222222,3.422341055571989
708,M.Fernandes,MID,5.5,135,5.5,West Ham,36,34,3.764705882352941,2.42535625036333
718,S.Magassa,MID,5.0,42,5.0,West Ham,22,9,3.4444444444444446,3.126943839882286
738,Fabianski,GK,4.5,0,4.5,West Ham,0,0,,
747,Mayers,DEF,4.0,6,4.0,West Ham,6,0,,
752,Golambeckis,DEF,4.0,0,4.0,West Ham,0,0,,
758,Mohamadou Kanté,MID,4.5,9,4.5,West Ham,11,0,,
785,Pablo,FWD,5.5,26,5.447368421052632,West Ham,14,9,2.3333333333333335,1.0
791,Taty,FWD,5.5,61,5.5,West Ham,18,17,3.5294117647058822,2.9815609808207753
802,Lamadrid,MID,5.0,0,5.0,West Ham,0,0,,
815,Disasi,DEF,4.5,49,4.5,West Ham,14,14,3.5,3.0064034224404312
825,Herrick,GK,4.0,0,4.0,West Ham,0,0,,
627,Johnstone,GK,4.5,21,4.444736842105263,Wolves,12,12,1.75,1.1381803659589922
628,José Sá,GK,4.5,68,4.281578947368422,Wolves,23,23,2.9565217391304346,2.976854057398747
629,Bentley,GK,4.0,6,3.944736842105263,Wolves,3,3,2.0,0.0
631,Agbadou,DEF,4.5,23,4.294736842105263,Wolves,14,11,2.1818181818181817,1.4012980994907414
632,Doherty,DEF,4.5,14,4.410526315789474,Wolves,11,8,1.625,1.685018016012207
633,H.Bueno,DEF,4.5,83,4.352631578947369,Wolves,35,24,3.0833333333333335,2.8729119701803945
634,Mosquera,DEF,4.5,61,4.33421052631579,Wolves,27,24,2.5833333333333335,2.5693285650851116
635,R.Gomes,DEF,4.5,48,4.428947368421053,Wolves,22,7,2.4285714285714284,1.618347187425374
636,S.Bueno,DEF,4.5,92,4.410526315789474,Wolves,29,28,3.25,2.9138875648763016
637,Toti,DEF,4.5,41,4.271052631578947,Wolves,19,15,2.7333333333333334,1.9073791542572855
638,Hoever,DEF,4.0,10,3.8631578947368417,Wolves,8,4,1.5,1.7320508075688772
639,Meupiyou,DEF,4.0,0,4.0,Wolves,0,0,,
640,Pedro Lima,DEF,4.0,10,4.0,Wolves,9,2,1.5,0.7071067811865476
641,Pond,DEF,4.0,0,3.913157894736842,Wolves,0,0,,
642,Hee Chan,MID,6.0,54,5.697368421052632,Wolves,26,15,2.8666666666666667,2.799659843283687
643,André,MID,5.5,96,5.307894736842106,Wolves,35,30,3.033333333333333,2.075860159620308
644,Bellegarde,MID,5.5,44,5.2,Wolves,26,12,2.1666666666666665,1.1146408580454255
645,Fer López,MID,5.5,12,5.205263157894737,Wolves,9,1,2.0,
646,J.Gomes,MID,5.5,107,5.33421052631579,Wolves,35,31,3.3225806451612905,2.385890424617101
647,Guedes,MID,5.5,0,5.5,Wolves,0,0,,
648,Munetsi,MID,5.5,38,5.3578947368421055,Wolves,13,9,4.0,1.9364916731037085
649,B.Traore,MID,5.0,0,5.0,Wolves,0,0,,
650,Chirewa,MID,4.5,2,4.336842105263158,Wolves,2,0,,
651,Edozie,MID,4.5,8,4.339473684210526,Wolves,3,0,,
652,Gonzalez,MID,4.5,0,4.344736842105263,Wolves,0,0,,
653,Hodge,MID,4.5,0,4.5,Wolves,0,0,,
655,Fábio Silva,FWD,5.0,0,4.905263157894737,Wolves,0,0,,
656,Kalajdžić,FWD,5.0,1,4.905263157894737,Wolves,1,0,,
657,Chiwome,FWD,4.5,0,4.418421052631579,Wolves,0,0,,
658,Fraser,FWD,4.5,0,4.292105263157895,Wolves,0,0,,
663,J.Arias,MID,5.5,45,5.026315789473684,Wolves,23,10,3.2,2.3475755815545347
682,Møller Wolfe,DEF,4.5,35,4.307894736842106,Wolves,22,10,2.0,1.5634719199411433
695,Tchatchoua,DEF,4.5,52,4.445945945945946,Wolves,31,17,2.5294117647058822,1.9402850002906638
709,Krejčí,DEF,4.5,68,4.5,Wolves,28,27,2.4814814814814814,2.6511299531501713
720,Tolu,FWD,5.5,66,5.388571428571429,Wolves,33,14,2.4285714285714284,1.9100658753958324
749,Mané,FWD,4.5,74,4.467857142857143,Wolves,27,18,3.4444444444444446,3.3645596202041803
766,Olagunju,DEF,4.0,0,4.0,Wolves,0,0,,
767,Rawlings,MID,4.5,0,4.5,Wolves,0,0,,
777,Ojinnaka,MID,4.5,0,4.5,Wolves,0,0,,
778,Sutherland,MID,4.5,0,4.5,Wolves,0,0,,
809,Abbey,MID,4.5,1,4.5,Wolves,1,0,,
816,Angel,MID,5.0,16,4.785714285714286,Wolves,12,4,2.25,0.5
817,Armstrong,FWD,5.5,39,5.314285714285715,Wolves,14,13,2.923076923076923,1.6052797503622467
828,Brooks,GK,4.0,0,4.0,Wolves,0,0,,
831,Gracey,GK,4.0,0,4.0,Wolves,0,0,,
